{"x_attribute": 0.22718827724456786, "y_header": 0.2824853420257568}