{"x_attribute": 0.18515994548797607, "y_header": 0.5330070495605469}